step,mloss,gloss,loss
1.0,0.0,1.0008,1.0008
2.0,0.0,2.1921,2.1921
3.0,0.0,1.001,1.001
4.0,0.0,0.9967,0.9967
5.0,0.0,1.0003,1.0003
6.0,0.0,1.0016,1.0016
7.0,0.0,0.9997,0.9997
8.0,0.0,1.004,1.004
9.0,0.0,1.0023,1.0023
10.0,0.0,0.9977,0.9977
11.0,0.0,1.0029,1.0029
12.0,0.0,0.9989,0.9989
13.0,0.0,1.0,1.0
14.0,0.0,1.0021,1.0021
15.0,0.0,1.0014,1.0014
16.0,0.0,1.0013,1.0013
17.0,0.0,1.0,1.0
18.0,0.0,0.9989,0.9989
19.0,0.0,1.0021,1.0021
20.0,0.0,0.9987,0.9987
21.0,0.0,0.9978,0.9978
22.0,0.0,0.9967,0.9967
23.0,0.0,0.9987,0.9987
24.0,0.0,1.0038,1.0038
25.0,0.0,1.0027,1.0027
26.0,0.0,1.001,1.001
27.0,0.0,1.0014,1.0014
28.0,0.0,0.998,0.998
29.0,0.0,1.0,1.0
30.0,0.0,0.9963,0.9963
31.0,0.0,0.9951,0.9951
32.0,0.0,1.0,1.0
33.0,0.0,0.9951,0.9951
34.0,0.0,1.0014,1.0014
35.0,0.0,1.0057,1.0057
36.0,0.0,0.9991,0.9991
37.0,0.0,1.0,1.0
38.0,0.0,1.0016,1.0016
39.0,0.0,0.9995,0.9995
40.0,0.0,0.9977,0.9977
41.0,0.0,0.9952,0.9952
42.0,0.0,0.9975,0.9975
43.0,0.0,0.9938,0.9938
44.0,0.0,0.9949,0.9949
45.0,0.0,0.9939,0.9939
46.0,0.0,1.0011,1.0011
47.0,0.0,1.0007,1.0007
48.0,0.0,0.9948,0.9948
49.0,0.0,0.9922,0.9922
50.0,0.0,0.9956,0.9956
51.0,0.0,1.0046,1.0046
52.0,0.0,1.0053,1.0053
53.0,0.0,1.0011,1.0011
54.0,0.0,0.9994,0.9994
55.0,0.0,1.0017,1.0017
56.0,0.0,0.9998,0.9998
57.0,0.0,0.9974,0.9974
58.0,0.0,0.9952,0.9952
59.0,0.0,1.0039,1.0039
60.0,0.0,1.0017,1.0017
61.0,0.0,0.996,0.996
62.0,0.0,0.9995,0.9995
63.0,0.0,0.9995,0.9995
64.0,0.0,0.9966,0.9966
65.0,0.0,1.0005,1.0005
66.0,0.0,1.0105,1.0105
67.0,0.0,0.9985,0.9985
68.0,0.0,0.9985,0.9985
69.0,0.0,0.9999,0.9999
70.0,0.0,0.9999,0.9999
71.0,0.0,1.0012,1.0012
72.0,0.0,1.0006,1.0006
73.0,0.0,1.0025,1.0025
74.0,0.0,0.9978,0.9978
75.0,0.0,0.9985,0.9985
76.0,0.0,0.9944,0.9944
77.0,0.0,1.0381,1.0381
78.0,0.0,1.0003,1.0003
79.0,0.0,0.9981,0.9981
80.0,0.0,0.9976,0.9976
81.0,0.0,1.0001,1.0001
82.0,0.0,1.0035,1.0035
83.0,0.0,1.0006,1.0006
84.0,0.0,1.0004,1.0004
85.0,0.0,0.9982,0.9982
86.0,0.0,0.9981,0.9981
87.0,0.0,0.9973,0.9973
88.0,0.0,0.9948,0.9948
89.0,0.0,0.9987,0.9987
90.0,0.0,1.0003,1.0003
91.0,0.0,0.9974,0.9974
92.0,0.0,0.9976,0.9976
93.0,0.0,0.9952,0.9952
94.0,0.0,0.9955,0.9955
95.0,0.0,0.9962,0.9962
96.0,0.0,0.9948,0.9948
97.0,0.0,0.9961,0.9961
98.0,0.0,0.993,0.993
99.0,0.0,0.9959,0.9959
100.0,0.0,0.9936,0.9936
101.0,0.0,0.9974,0.9974
102.0,0.0,0.9943,0.9943
103.0,0.0,0.995,0.995
104.0,0.0,0.9916,0.9916
105.0,0.0,0.99,0.99
106.0,0.0,0.9928,0.9928
107.0,0.0,0.9931,0.9931
108.0,0.0,0.9925,0.9925
109.0,0.0,0.9925,0.9925
110.0,0.0,0.9888,0.9888
111.0,0.0,0.9889,0.9889
112.0,0.0,0.9893,0.9893
113.0,0.0,0.99,0.99
114.0,0.0,0.9875,0.9875
115.0,0.0,0.9888,0.9888
116.0,0.0,0.9894,0.9894
117.0,0.0,0.9903,0.9903
118.0,0.0,0.9883,0.9883
119.0,0.0,0.9906,0.9906
120.0,0.0,0.9929,0.9929
121.0,0.0,0.9862,0.9862
122.0,0.0,0.9848,0.9848
123.0,0.0,0.9859,0.9859
124.0,0.0,0.9847,0.9847
125.0,0.0,0.9832,0.9832
126.0,0.0,0.9887,0.9887
127.0,0.0,0.9813,0.9813
128.0,0.0,0.9815,0.9815
129.0,0.0,0.9826,0.9826
130.0,0.0,0.9843,0.9843
131.0,0.0,0.9728,0.9728
132.0,0.0,0.9753,0.9753
133.0,0.0,0.9771,0.9771
134.0,0.0,0.975,0.975
135.0,0.0,0.9774,0.9774
136.0,0.0,0.9717,0.9717
137.0,0.0,0.975,0.975
138.0,0.0,0.9715,0.9715
139.0,0.0,0.9691,0.9691
140.0,0.0,0.9769,0.9769
141.0,0.0,0.9795,0.9795
142.0,0.0,0.9771,0.9771
143.0,0.0,0.9781,0.9781
144.0,0.0,0.9731,0.9731
145.0,0.0,0.9749,0.9749
146.0,0.0,0.9751,0.9751
147.0,0.0,0.9669,0.9669
148.0,0.0,0.9725,0.9725
149.0,0.0,0.9705,0.9705
150.0,0.0,0.9698,0.9698
151.0,0.0,0.9654,0.9654
152.0,0.0,0.963,0.963
153.0,0.0,0.9635,0.9635
154.0,0.0,0.9624,0.9624
155.0,0.0,0.9603,0.9603
156.0,0.0,0.9626,0.9626
157.0,0.0,0.9571,0.9571
158.0,0.0,0.9635,0.9635
159.0,0.0,0.9632,0.9632
160.0,0.0,0.9602,0.9602
161.0,0.0,0.9599,0.9599
162.0,0.0,0.9616,0.9616
163.0,0.0,0.9594,0.9594
164.0,0.0,0.9545,0.9545
165.0,0.0,0.9573,0.9573
166.0,0.0,0.9622,0.9622
167.0,0.0,0.9598,0.9598
168.0,0.0,0.9582,0.9582
169.0,0.0,0.9564,0.9564
170.0,0.0,0.9517,0.9517
171.0,0.0,0.9533,0.9533
172.0,0.0,0.9521,0.9521
173.0,0.0,0.9755,0.9755
174.0,0.0,0.9593,0.9593
175.0,0.0,0.9638,0.9638
176.0,0.0,0.965,0.965
177.0,0.0,0.9649,0.9649
178.0,0.0,0.9599,0.9599
179.0,0.0,0.9559,0.9559
180.0,0.0,0.9545,0.9545
181.0,0.0,0.9495,0.9495
182.0,0.0,0.9557,0.9557
183.0,0.0,0.9591,0.9591
184.0,0.0,0.9537,0.9537
185.0,0.0,0.9518,0.9518
186.0,0.0,0.9513,0.9513
187.0,0.0,0.9509,0.9509
188.0,0.0,0.9498,0.9498
189.0,0.0,0.9445,0.9445
190.0,0.0,0.9436,0.9436
191.0,0.0,0.9419,0.9419
192.0,0.0,0.9427,0.9427
193.0,0.0,0.9388,0.9388
194.0,0.0,0.937,0.937
195.0,0.0,0.9357,0.9357
196.0,0.0,0.9309,0.9309
197.0,0.0,0.9327,0.9327
198.0,0.0,0.9398,0.9398
199.0,0.0,0.9321,0.9321
200.0,0.0,0.9342,0.9342
201.0,0.0,0.9282,0.9282
202.0,0.0,0.9271,0.9271
203.0,0.0,0.9226,0.9226
204.0,0.0,0.9255,0.9255
205.0,0.0,0.9308,0.9308
206.0,0.0,0.9431,0.9431
207.0,0.0,0.9344,0.9344
208.0,0.0,0.9375,0.9375
209.0,0.0,0.9442,0.9442
210.0,0.0,0.9348,0.9348
211.0,0.0,0.9317,0.9317
212.0,0.0,0.9258,0.9258
213.0,0.0,0.9293,0.9293
214.0,0.0,0.924,0.924
215.0,0.0,0.9336,0.9336
216.0,0.0,0.9483,0.9483
217.0,0.0,0.933,0.933
218.0,0.0,0.9425,0.9425
219.0,0.0,0.9368,0.9368
220.0,0.0,0.9344,0.9344
221.0,0.0,0.9314,0.9314
222.0,0.0,0.9218,0.9218
223.0,0.0,0.9267,0.9267
224.0,0.0,0.9227,0.9227
225.0,0.0,0.9252,0.9252
226.0,0.0,0.9182,0.9182
227.0,0.0,0.9188,0.9188
228.0,0.0,0.9202,0.9202
229.0,0.0,0.9186,0.9186
230.0,0.0,0.9141,0.9141
231.0,0.0,0.9137,0.9137
232.0,0.0,0.9094,0.9094
233.0,0.0,0.9185,0.9185
234.0,0.0,0.9282,0.9282
235.0,0.0,0.913,0.913
236.0,0.0,0.917,0.917
237.0,0.0,0.9143,0.9143
238.0,0.0,0.9084,0.9084
239.0,0.0,0.9073,0.9073
240.0,0.0,0.9062,0.9062
241.0,0.0,0.9113,0.9113
242.0,0.0,0.9197,0.9197
243.0,0.0,0.9134,0.9134
244.0,0.0,0.9163,0.9163
245.0,0.0,0.917,0.917
246.0,0.0,0.9107,0.9107
247.0,0.0,0.9091,0.9091
248.0,0.0,0.9064,0.9064
249.0,0.0,0.9033,0.9033
250.0,0.0,0.8984,0.8984
251.0,0.0,0.9043,0.9043
252.0,0.0,0.9281,0.9281
253.0,0.0,0.931,0.931
254.0,0.0,0.9197,0.9197
255.0,0.0,0.9188,0.9188
256.0,0.0,0.9224,0.9224
257.0,0.0,0.9212,0.9212
258.0,0.0,0.9117,0.9117
259.0,0.0,0.9011,0.9011
260.0,0.0,0.9012,0.9012
261.0,0.0,0.8948,0.8948
262.0,0.0,0.9049,0.9049
263.0,0.0,0.9641,0.9641
264.0,0.0,0.9902,0.9902
265.0,0.0,0.9388,0.9388
266.0,0.0,0.9456,0.9456
267.0,0.0,0.9464,0.9464
268.0,0.0,0.9362,0.9362
269.0,0.0,0.9321,0.9321
270.0,0.0,0.9537,0.9537
271.0,0.0,0.9576,0.9576
272.0,0.0,0.9433,0.9433
273.0,0.0,0.9471,0.9471
274.0,0.0,0.9443,0.9443
275.0,0.0,0.9383,0.9383
276.0,0.0,0.9288,0.9288
277.0,0.0,0.9226,0.9226
278.0,0.0,0.9263,0.9263
279.0,0.0,0.9534,0.9534
280.0,0.0,0.9453,0.9453
281.0,0.0,0.9398,0.9398
282.0,0.0,0.9363,0.9363
283.0,0.0,0.9402,0.9402
284.0,0.0,0.9352,0.9352
285.0,0.0,0.9296,0.9296
286.0,0.0,0.927,0.927
287.0,0.0,0.9197,0.9197
288.0,0.0,0.9144,0.9144
289.0,0.0,0.9118,0.9118
290.0,0.0,0.9133,0.9133
291.0,0.0,0.9138,0.9138
292.0,0.0,0.91,0.91
293.0,0.0,0.9048,0.9048
294.0,0.0,0.9107,0.9107
295.0,0.0,0.9028,0.9028
296.0,0.0,0.9025,0.9025
297.0,0.0,0.8991,0.8991
298.0,0.0,0.9034,0.9034
299.0,0.0,0.9023,0.9023
300.0,0.0,0.8986,0.8986
301.0,0.0,0.8993,0.8993
302.0,0.0,0.8972,0.8972
303.0,0.0,0.8907,0.8907
304.0,0.0,0.8931,0.8931
305.0,0.0,0.8894,0.8894
306.0,0.0,0.8905,0.8905
307.0,0.0,0.891,0.891
308.0,0.0,0.8863,0.8863
309.0,0.0,0.8941,0.8941
310.0,0.0,0.8911,0.8911
311.0,0.0,0.8849,0.8849
312.0,0.0,0.8842,0.8842
313.0,0.0,0.8773,0.8773
314.0,0.0,0.8761,0.8761
315.0,0.0,0.878,0.878
316.0,0.0,0.8761,0.8761
317.0,0.0,0.8873,0.8873
318.0,0.0,0.8868,0.8868
319.0,0.0,0.88,0.88
320.0,0.0,0.8794,0.8794
321.0,0.0,0.878,0.878
322.0,0.0,0.874,0.874
323.0,0.0,0.8722,0.8722
324.0,0.0,0.881,0.881
325.0,0.0,0.8926,0.8926
326.0,0.0,0.895,0.895
327.0,0.0,0.8814,0.8814
328.0,0.0,0.8869,0.8869
329.0,0.0,0.8802,0.8802
330.0,0.0,0.8845,0.8845
331.0,0.0,0.8768,0.8768
332.0,0.0,0.8677,0.8677
333.0,0.0,0.8625,0.8625
334.0,0.0,0.87,0.87
335.0,0.0,0.8813,0.8813
336.0,0.0,0.877,0.877
337.0,0.0,0.8755,0.8755
338.0,0.0,0.8755,0.8755
339.0,0.0,0.8738,0.8738
340.0,0.0,0.8746,0.8746
341.0,0.0,0.8673,0.8673
342.0,0.0,0.8619,0.8619
343.0,0.0,0.8588,0.8588
344.0,0.0,0.8616,0.8616
345.0,0.0,0.8651,0.8651
346.0,0.0,0.8819,0.8819
347.0,0.0,0.8745,0.8745
348.0,0.0,0.872,0.872
349.0,0.0,0.8681,0.8681
350.0,0.0,0.8712,0.8712
351.0,0.0,0.8693,0.8693
352.0,0.0,0.865,0.865
353.0,0.0,0.8583,0.8583
354.0,0.0,0.8539,0.8539
355.0,0.0,0.8556,0.8556
356.0,0.0,0.8588,0.8588
357.0,0.0,0.8628,0.8628
358.0,0.0,0.8635,0.8635
359.0,0.0,0.8589,0.8589
360.0,0.0,0.8595,0.8595
361.0,0.0,0.8545,0.8545
362.0,0.0,0.8553,0.8553
363.0,0.0,0.8489,0.8489
364.0,0.0,0.8538,0.8538
365.0,0.0,0.8438,0.8438
366.0,0.0,0.8454,0.8454
367.0,0.0,0.8468,0.8468
368.0,0.0,0.8533,0.8533
369.0,0.0,0.8564,0.8564
370.0,0.0,0.8649,0.8649
371.0,0.0,0.8517,0.8517
372.0,0.0,0.8513,0.8513
373.0,0.0,0.8543,0.8543
374.0,0.0,0.8507,0.8507
375.0,0.0,0.8411,0.8411
376.0,0.0,0.8383,0.8383
377.0,0.0,0.8402,0.8402
378.0,0.0,0.8379,0.8379
379.0,0.0,0.8394,0.8394
380.0,0.0,0.8529,0.8529
381.0,0.0,0.8947,0.8947
382.0,0.0,0.8512,0.8512
383.0,0.0,0.8621,0.8621
384.0,0.0,0.8562,0.8562
385.0,0.0,0.855,0.855
386.0,0.0,0.8558,0.8558
387.0,0.0,0.8511,0.8511
388.0,0.0,0.849,0.849
389.0,0.0,0.8405,0.8405
390.0,0.0,0.841,0.841
391.0,0.0,0.8421,0.8421
392.0,0.0,0.8386,0.8386
393.0,0.0,0.8409,0.8409
394.0,0.0,0.8441,0.8441
395.0,0.0,0.8441,0.8441
396.0,0.0,0.8438,0.8438
397.0,0.0,0.8435,0.8435
398.0,0.0,0.8429,0.8429
399.0,0.0,0.8369,0.8369
400.0,0.0,0.8325,0.8325
401.0,0.0,0.8445,0.8445
402.0,0.0,0.8395,0.8395
403.0,0.0,0.8497,0.8497
404.0,0.0,0.8347,0.8347
405.0,0.0,0.8343,0.8343
406.0,0.0,0.8333,0.8333
407.0,0.0,0.829,0.829
408.0,0.0,0.8349,0.8349
409.0,0.0,0.8296,0.8296
410.0,0.0,0.8278,0.8278
411.0,0.0,0.829,0.829
412.0,0.0,0.8301,0.8301
413.0,0.0,0.8347,0.8347
414.0,0.0,0.8242,0.8242
415.0,0.0,0.8247,0.8247
416.0,0.0,0.8244,0.8244
417.0,0.0,0.8178,0.8178
418.0,0.0,0.822,0.822
419.0,0.0,0.8193,0.8193
420.0,0.0,0.8361,0.8361
421.0,0.0,0.8477,0.8477
422.0,0.0,0.8228,0.8228
423.0,0.0,0.8336,0.8336
424.0,0.0,0.8228,0.8228
425.0,0.0,0.8235,0.8235
426.0,0.0,0.8224,0.8224
427.0,0.0,0.8173,0.8173
428.0,0.0,0.8132,0.8132
429.0,0.0,0.8211,0.8211
430.0,0.0,0.8172,0.8172
431.0,0.0,0.8148,0.8148
432.0,0.0,0.8168,0.8168
433.0,0.0,0.8208,0.8208
434.0,0.0,0.81,0.81
435.0,0.0,0.8143,0.8143
436.0,0.0,0.8121,0.8121
437.0,0.0,0.8125,0.8125
438.0,0.0,0.8195,0.8195
439.0,0.0,0.8104,0.8104
440.0,0.0,0.8121,0.8121
441.0,0.0,0.8124,0.8124
442.0,0.0,0.8002,0.8002
443.0,0.0,0.8081,0.8081
444.0,0.0,0.8034,0.8034
445.0,0.0,0.8049,0.8049
446.0,0.0,0.8065,0.8065
447.0,0.0,0.8067,0.8067
448.0,0.0,0.8049,0.8049
449.0,0.0,0.8002,0.8002
450.0,0.0,0.8053,0.8053
451.0,0.0,0.7922,0.7922
452.0,0.0,0.8006,0.8006
453.0,0.0,0.7991,0.7991
454.0,0.0,0.8003,0.8003
455.0,0.0,0.7932,0.7932
456.0,0.0,0.7866,0.7866
457.0,0.0,0.7905,0.7905
458.0,0.0,0.7881,0.7881
459.0,0.0,0.793,0.793
460.0,0.0,0.7934,0.7934
461.0,0.0,0.7977,0.7977
462.0,0.0,0.8068,0.8068
463.0,0.0,0.801,0.801
464.0,0.0,0.7944,0.7944
465.0,0.0,0.7956,0.7956
466.0,0.0,0.7946,0.7946
467.0,0.0,0.7881,0.7881
468.0,0.0,0.7883,0.7883
469.0,0.0,0.7841,0.7841
470.0,0.0,0.781,0.781
471.0,0.0,0.7918,0.7918
472.0,0.0,0.7927,0.7927
473.0,0.0,0.7941,0.7941
474.0,0.0,0.7931,0.7931
475.0,0.0,0.7912,0.7912
476.0,0.0,0.784,0.784
477.0,0.0,0.7874,0.7874
478.0,0.0,0.7802,0.7802
479.0,0.0,0.7774,0.7774
480.0,0.0,0.7765,0.7765
481.0,0.0,0.7721,0.7721
482.0,0.0,0.7802,0.7802
483.0,0.0,0.7761,0.7761
484.0,0.0,0.7889,0.7889
485.0,0.0,0.7873,0.7873
486.0,0.0,0.7779,0.7779
487.0,0.0,0.7838,0.7838
488.0,0.0,0.7694,0.7694
489.0,0.0,0.7726,0.7726
490.0,0.0,0.7675,0.7675
491.0,0.0,0.7685,0.7685
492.0,0.0,0.7662,0.7662
493.0,0.0,0.767,0.767
494.0,0.0,0.7733,0.7733
495.0,0.0,0.7757,0.7757
496.0,0.0,0.7787,0.7787
497.0,0.0,0.7682,0.7682
498.0,0.0,0.7676,0.7676
499.0,0.0,0.7643,0.7643
500.0,0.0,0.7668,0.7668
501.0,0.0,0.7579,0.7579
502.0,0.0,0.7595,0.7595
503.0,0.0,0.7574,0.7574
504.0,0.0,0.7587,0.7587
505.0,0.0,0.7616,0.7616
506.0,0.0,0.7766,0.7766
507.0,0.0,0.7855,0.7855
508.0,0.0,0.7599,0.7599
509.0,0.0,0.7624,0.7624
510.0,0.0,0.7646,0.7646
511.0,0.0,0.7642,0.7642
512.0,0.0,0.7556,0.7556
513.0,0.0,0.7515,0.7515
514.0,0.0,0.7527,0.7527
515.0,0.0,0.7559,0.7559
516.0,0.0,0.7546,0.7546
517.0,0.0,0.7545,0.7545
518.0,0.0,0.7541,0.7541
519.0,0.0,0.7606,0.7606
520.0,0.0,0.7553,0.7553
521.0,0.0,0.7474,0.7474
522.0,0.0,0.75,0.75
523.0,0.0,0.7466,0.7466
524.0,0.0,0.7395,0.7395
525.0,0.0,0.7483,0.7483
526.0,0.0,0.7446,0.7446
527.0,0.0,0.7425,0.7425
528.0,0.0,0.7522,0.7522
529.0,0.0,0.7555,0.7555
530.0,0.0,0.7442,0.7442
531.0,0.0,0.7458,0.7458
532.0,0.0,0.7416,0.7416
533.0,0.0,0.7404,0.7404
534.0,0.0,0.7421,0.7421
535.0,0.0,0.7324,0.7324
536.0,0.0,0.7344,0.7344
537.0,0.0,0.7349,0.7349
538.0,0.0,0.7316,0.7316
539.0,0.0,0.7362,0.7362
540.0,0.0,0.7417,0.7417
541.0,0.0,0.7562,0.7562
542.0,0.0,0.7403,0.7403
543.0,0.0,0.739,0.739
544.0,0.0,0.737,0.737
545.0,0.0,0.7288,0.7288
546.0,0.0,0.7282,0.7282
547.0,0.0,0.7287,0.7287
548.0,0.0,0.7276,0.7276
549.0,0.0,0.728,0.728
550.0,0.0,0.7295,0.7295
551.0,0.0,0.7335,0.7335
552.0,0.0,0.7494,0.7494
553.0,0.0,0.7392,0.7392
554.0,0.0,0.7332,0.7332
555.0,0.0,0.7293,0.7293
556.0,0.0,0.7227,0.7227
557.0,0.0,0.7223,0.7223
558.0,0.0,0.7211,0.7211
559.0,0.0,0.7218,0.7218
560.0,0.0,0.7155,0.7155
561.0,0.0,0.7144,0.7144
562.0,0.0,0.7196,0.7196
563.0,0.0,0.7183,0.7183
564.0,0.0,0.7254,0.7254
565.0,0.0,0.7293,0.7293
566.0,0.0,0.747,0.747
567.0,0.0,0.7286,0.7286
568.0,0.0,0.7332,0.7332
569.0,0.0,0.7245,0.7245
570.0,0.0,0.729,0.729
571.0,0.0,0.7251,0.7251
572.0,0.0,0.7147,0.7147
573.0,0.0,0.7174,0.7174
574.0,0.0,0.7162,0.7162
575.0,0.0,0.7167,0.7167
576.0,0.0,0.7143,0.7143
577.0,0.0,0.7095,0.7095
578.0,0.0,0.7114,0.7114
579.0,0.0,0.7105,0.7105
580.0,0.0,0.7079,0.7079
581.0,0.0,0.7026,0.7026
582.0,0.0,0.7035,0.7035
583.0,0.0,0.6999,0.6999
584.0,0.0,0.705,0.705
585.0,0.0,0.7007,0.7007
586.0,0.0,0.7034,0.7034
587.0,0.0,0.6952,0.6952
588.0,0.0,0.7017,0.7017
589.0,0.0,0.703,0.703
590.0,0.0,0.7072,0.7072
591.0,0.0,0.7103,0.7103
592.0,0.0,0.7047,0.7047
593.0,0.0,0.6957,0.6957
594.0,0.0,0.6971,0.6971
595.0,0.0,0.6899,0.6899
596.0,0.0,0.6981,0.6981
597.0,0.0,0.6907,0.6907
598.0,0.0,0.6897,0.6897
599.0,0.0,0.6908,0.6908
600.0,0.0,0.6912,0.6912
601.0,0.0,0.699,0.699
602.0,0.0,0.7035,0.7035
603.0,0.0,0.7021,0.7021
604.0,0.0,0.6962,0.6962
605.0,0.0,0.6914,0.6914
606.0,0.0,0.6846,0.6846
607.0,0.0,0.6888,0.6888
608.0,0.0,0.6838,0.6838
609.0,0.0,0.6878,0.6878
610.0,0.0,0.688,0.688
611.0,0.0,0.6839,0.6839
612.0,0.0,0.688,0.688
613.0,0.0,0.6901,0.6901
614.0,0.0,0.6955,0.6955
615.0,0.0,0.6887,0.6887
616.0,0.0,0.6785,0.6785
617.0,0.0,0.6814,0.6814
618.0,0.0,0.6767,0.6767
619.0,0.0,0.6759,0.6759
620.0,0.0,0.6829,0.6829
621.0,0.0,0.6722,0.6722
622.0,0.0,0.6774,0.6774
623.0,0.0,0.6738,0.6738
624.0,0.0,0.6797,0.6797
625.0,0.0,0.6832,0.6832
626.0,0.0,0.6863,0.6863
627.0,0.0,0.6781,0.6781
628.0,0.0,0.6756,0.6756
629.0,0.0,0.6746,0.6746
630.0,0.0,0.6701,0.6701
631.0,0.0,0.6685,0.6685
632.0,0.0,0.6701,0.6701
633.0,0.0,0.6716,0.6716
634.0,0.0,0.6745,0.6745
635.0,0.0,0.6697,0.6697
636.0,0.0,0.6747,0.6747
637.0,0.0,0.6776,0.6776
638.0,0.0,0.6782,0.6782
639.0,0.0,0.6786,0.6786
640.0,0.0,0.6802,0.6802
641.0,0.0,0.6693,0.6693
642.0,0.0,0.6728,0.6728
643.0,0.0,0.6669,0.6669
644.0,0.0,0.662,0.662
645.0,0.0,0.6652,0.6652
646.0,0.0,0.6633,0.6633
647.0,0.0,0.6611,0.6611
648.0,0.0,0.6601,0.6601
649.0,0.0,0.6576,0.6576
650.0,0.0,0.6599,0.6599
651.0,0.0,0.6612,0.6612
652.0,0.0,0.657,0.657
653.0,0.0,0.6562,0.6562
654.0,0.0,0.6554,0.6554
655.0,0.0,0.6551,0.6551
656.0,0.0,0.6541,0.6541
657.0,0.0,0.6479,0.6479
658.0,0.0,0.6529,0.6529
659.0,0.0,0.651,0.651
660.0,0.0,0.6491,0.6491
661.0,0.0,0.6564,0.6564
662.0,0.0,0.65,0.65
663.0,0.0,0.6486,0.6486
664.0,0.0,0.6507,0.6507
665.0,0.0,0.6499,0.6499
666.0,0.0,0.6514,0.6514
667.0,0.0,0.6585,0.6585
668.0,0.0,0.6529,0.6529
669.0,0.0,0.6451,0.6451
670.0,0.0,0.6436,0.6436
671.0,0.0,0.6465,0.6465
672.0,0.0,0.6405,0.6405
673.0,0.0,0.6458,0.6458
674.0,0.0,0.6399,0.6399
675.0,0.0,0.6454,0.6454
676.0,0.0,0.6425,0.6425
677.0,0.0,0.6387,0.6387
678.0,0.0,0.639,0.639
679.0,0.0,0.6353,0.6353
680.0,0.0,0.6392,0.6392
681.0,0.0,0.6359,0.6359
682.0,0.0,0.637,0.637
683.0,0.0,0.6385,0.6385
684.0,0.0,0.6333,0.6333
685.0,0.0,0.6344,0.6344
686.0,0.0,0.6366,0.6366
687.0,0.0,0.6396,0.6396
688.0,0.0,0.6312,0.6312
689.0,0.0,0.634,0.634
690.0,0.0,0.6312,0.6312
691.0,0.0,0.6325,0.6325
692.0,0.0,0.6346,0.6346
693.0,0.0,0.6313,0.6313
694.0,0.0,0.6287,0.6287
695.0,0.0,0.6297,0.6297
696.0,0.0,0.6246,0.6246
697.0,0.0,0.626,0.626
698.0,0.0,0.6285,0.6285
699.0,0.0,0.6244,0.6244
700.0,0.0,0.6224,0.6224
701.0,0.0,0.6213,0.6213
702.0,0.0,0.6246,0.6246
703.0,0.0,0.6276,0.6276
704.0,0.0,0.6271,0.6271
705.0,0.0,0.6276,0.6276
706.0,0.0,0.6281,0.6281
707.0,0.0,0.623,0.623
708.0,0.0,0.6179,0.6179
709.0,0.0,0.6187,0.6187
710.0,0.0,0.6223,0.6223
711.0,0.0,0.6182,0.6182
712.0,0.0,0.6188,0.6188
713.0,0.0,0.6194,0.6194
714.0,0.0,0.6136,0.6136
715.0,0.0,0.6192,0.6192
716.0,0.0,0.6129,0.6129
717.0,0.0,0.6157,0.6157
718.0,0.0,0.6166,0.6166
719.0,0.0,0.6137,0.6137
720.0,0.0,0.6173,0.6173
721.0,0.0,0.6191,0.6191
722.0,0.0,0.6225,0.6225
723.0,0.0,0.6206,0.6206
724.0,0.0,0.6174,0.6174
725.0,0.0,0.6093,0.6093
726.0,0.0,0.607,0.607
727.0,0.0,0.61,0.61
728.0,0.0,0.6105,0.6105
729.0,0.0,0.6113,0.6113
730.0,0.0,0.6102,0.6102
731.0,0.0,0.6071,0.6071
732.0,0.0,0.6057,0.6057
733.0,0.0,0.6066,0.6066
734.0,0.0,0.6066,0.6066
735.0,0.0,0.6039,0.6039
736.0,0.0,0.6045,0.6045
737.0,0.0,0.6065,0.6065
738.0,0.0,0.6065,0.6065
739.0,0.0,0.5999,0.5999
740.0,0.0,0.604,0.604
741.0,0.0,0.6029,0.6029
742.0,0.0,0.6028,0.6028
743.0,0.0,0.6025,0.6025
744.0,0.0,0.6019,0.6019
745.0,0.0,0.6012,0.6012
746.0,0.0,0.6012,0.6012
747.0,0.0,0.6028,0.6028
748.0,0.0,0.6041,0.6041
749.0,0.0,0.6044,0.6044
750.0,0.0,0.6037,0.6037
751.0,0.0,0.5981,0.5981
752.0,0.0,0.5999,0.5999
753.0,0.0,0.597,0.597
754.0,0.0,0.5995,0.5995
755.0,0.0,0.5948,0.5948
756.0,0.0,0.5965,0.5965
757.0,0.0,0.5945,0.5945
758.0,0.0,0.5962,0.5962
759.0,0.0,0.5958,0.5958
760.0,0.0,0.5938,0.5938
761.0,0.0,0.5946,0.5946
762.0,0.0,0.5938,0.5938
763.0,0.0,0.5939,0.5939
764.0,0.0,0.5929,0.5929
765.0,0.0,0.5934,0.5934
766.0,0.0,0.5979,0.5979
767.0,0.0,0.5922,0.5922
768.0,0.0,0.5901,0.5901
769.0,0.0,0.5902,0.5902
770.0,0.0,0.5936,0.5936
771.0,0.0,0.5893,0.5893
772.0,0.0,0.5895,0.5895
773.0,0.0,0.5877,0.5877
774.0,0.0,0.587,0.587
775.0,0.0,0.5824,0.5824
776.0,0.0,0.5822,0.5822
777.0,0.0,0.5889,0.5889
778.0,0.0,0.5844,0.5844
779.0,0.0,0.5831,0.5831
780.0,0.0,0.5835,0.5835
781.0,0.0,0.5851,0.5851
782.0,0.0,0.5864,0.5864
783.0,0.0,0.5866,0.5866
784.0,0.0,0.5878,0.5878
785.0,0.0,0.5823,0.5823
786.0,0.0,0.5827,0.5827
787.0,0.0,0.5793,0.5793
788.0,0.0,0.5798,0.5798
789.0,0.0,0.5804,0.5804
790.0,0.0,0.582,0.582
791.0,0.0,0.5811,0.5811
792.0,0.0,0.5826,0.5826
793.0,0.0,0.5767,0.5767
794.0,0.0,0.5782,0.5782
795.0,0.0,0.5771,0.5771
796.0,0.0,0.5764,0.5764
797.0,0.0,0.5766,0.5766
798.0,0.0,0.5751,0.5751
799.0,0.0,0.5797,0.5797
800.0,0.0,0.5754,0.5754
801.0,0.0,0.5745,0.5745
802.0,0.0,0.5712,0.5712
803.0,0.0,0.5793,0.5793
804.0,0.0,0.5807,0.5807
805.0,0.0,0.5725,0.5725
806.0,0.0,0.5773,0.5773
807.0,0.0,0.5723,0.5723
808.0,0.0,0.571,0.571
809.0,0.0,0.5747,0.5747
810.0,0.0,0.5722,0.5722
811.0,0.0,0.5699,0.5699
812.0,0.0,0.5724,0.5724
813.0,0.0,0.5722,0.5722
814.0,0.0,0.575,0.575
815.0,0.0,0.5709,0.5709
816.0,0.0,0.572,0.572
817.0,0.0,0.5735,0.5735
818.0,0.0,0.5704,0.5704
819.0,0.0,0.5704,0.5704
820.0,0.0,0.57,0.57
821.0,0.0,0.5732,0.5732
822.0,0.0,0.5705,0.5705
823.0,0.0,0.57,0.57
824.0,0.0,0.5667,0.5667
825.0,0.0,0.5683,0.5683
826.0,0.0,0.5688,0.5688
827.0,0.0,0.5677,0.5677
828.0,0.0,0.5667,0.5667
829.0,0.0,0.5664,0.5664
830.0,0.0,0.567,0.567
831.0,0.0,0.5657,0.5657
832.0,0.0,0.5682,0.5682
833.0,0.0,0.5623,0.5623
834.0,0.0,0.5676,0.5676
835.0,0.0,0.5634,0.5634
836.0,0.0,0.565,0.565
837.0,0.0,0.5633,0.5633
838.0,0.0,0.5653,0.5653
839.0,0.0,0.5629,0.5629
840.0,0.0,0.5648,0.5648
841.0,0.0,0.5629,0.5629
842.0,0.0,0.5611,0.5611
843.0,0.0,0.5608,0.5608
844.0,0.0,0.5625,0.5625
845.0,0.0,0.5593,0.5593
846.0,0.0,0.5604,0.5604
847.0,0.0,0.5552,0.5552
848.0,0.0,0.5624,0.5624
849.0,0.0,0.5588,0.5588
850.0,0.0,0.5568,0.5568
851.0,0.0,0.5596,0.5596
852.0,0.0,0.5563,0.5563
853.0,0.0,0.5583,0.5583
854.0,0.0,0.5547,0.5547
855.0,0.0,0.5563,0.5563
856.0,0.0,0.5556,0.5556
857.0,0.0,0.5594,0.5594
858.0,0.0,0.5571,0.5571
859.0,0.0,0.5571,0.5571
860.0,0.0,0.557,0.557
861.0,0.0,0.5558,0.5558
862.0,0.0,0.5554,0.5554
863.0,0.0,0.557,0.557
864.0,0.0,0.5582,0.5582
865.0,0.0,0.5523,0.5523
866.0,0.0,0.5576,0.5576
867.0,0.0,0.5526,0.5526
868.0,0.0,0.5529,0.5529
869.0,0.0,0.5524,0.5524
870.0,0.0,0.554,0.554
871.0,0.0,0.5531,0.5531
872.0,0.0,0.5558,0.5558
873.0,0.0,0.5516,0.5516
874.0,0.0,0.5449,0.5449
875.0,0.0,0.553,0.553
876.0,0.0,0.5495,0.5495
877.0,0.0,0.5469,0.5469
878.0,0.0,0.5497,0.5497
879.0,0.0,0.5472,0.5472
880.0,0.0,0.5466,0.5466
881.0,0.0,0.5516,0.5516
882.0,0.0,0.5522,0.5522
883.0,0.0,0.5495,0.5495
884.0,0.0,0.5513,0.5513
885.0,0.0,0.5478,0.5478
886.0,0.0,0.5486,0.5486
887.0,0.0,0.5402,0.5402
888.0,0.0,0.5491,0.5491
889.0,0.0,0.5505,0.5505
890.0,0.0,0.5468,0.5468
891.0,0.0,0.5478,0.5478
892.0,0.0,0.5452,0.5452
893.0,0.0,0.5458,0.5458
894.0,0.0,0.5465,0.5465
895.0,0.0,0.5487,0.5487
896.0,0.0,0.5455,0.5455
897.0,0.0,0.5478,0.5478
898.0,0.0,0.5458,0.5458
899.0,0.0,0.5458,0.5458
900.0,0.0,0.5455,0.5455
901.0,0.0,0.5435,0.5435
902.0,0.0,0.5418,0.5418
903.0,0.0,0.5457,0.5457
904.0,0.0,0.5447,0.5447
905.0,0.0,0.5426,0.5426
906.0,0.0,0.5433,0.5433
907.0,0.0,0.5432,0.5432
908.0,0.0,0.5433,0.5433
909.0,0.0,0.5384,0.5384
910.0,0.0,0.5429,0.5429
911.0,0.0,0.5435,0.5435
912.0,0.0,0.5455,0.5455
913.0,0.0,0.5426,0.5426
914.0,0.0,0.5404,0.5404
915.0,0.0,0.5406,0.5406
916.0,0.0,0.5416,0.5416
917.0,0.0,0.5399,0.5399
918.0,0.0,0.5423,0.5423
919.0,0.0,0.5427,0.5427
920.0,0.0,0.5415,0.5415
921.0,0.0,0.5372,0.5372
922.0,0.0,0.5423,0.5423
923.0,0.0,0.5365,0.5365
924.0,0.0,0.5414,0.5414
925.0,0.0,0.5413,0.5413
926.0,0.0,0.5392,0.5392
927.0,0.0,0.5392,0.5392
928.0,0.0,0.5401,0.5401
929.0,0.0,0.5427,0.5427
930.0,0.0,0.5366,0.5366
931.0,0.0,0.5411,0.5411
932.0,0.0,0.5361,0.5361
933.0,0.0,0.5361,0.5361
934.0,0.0,0.5371,0.5371
935.0,0.0,0.5371,0.5371
936.0,0.0,0.541,0.541
937.0,0.0,0.5402,0.5402
938.0,0.0,0.5401,0.5401
939.0,0.0,0.5321,0.5321
940.0,0.0,0.5406,0.5406
941.0,0.0,0.5403,0.5403
942.0,0.0,0.538,0.538
943.0,0.0,0.5355,0.5355
944.0,0.0,0.5385,0.5385
945.0,0.0,0.5354,0.5354
946.0,0.0,0.5325,0.5325
947.0,0.0,0.5336,0.5336
948.0,0.0,0.5355,0.5355
949.0,0.0,0.5368,0.5368
950.0,0.0,0.5343,0.5343
951.0,0.0,0.5346,0.5346
952.0,0.0,0.5357,0.5357
953.0,0.0,0.532,0.532
954.0,0.0,0.5403,0.5403
955.0,0.0,0.5349,0.5349
956.0,0.0,0.5339,0.5339
957.0,0.0,0.5338,0.5338
958.0,0.0,0.5393,0.5393
959.0,0.0,0.535,0.535
960.0,0.0,0.5348,0.5348
961.0,0.0,0.5302,0.5302
962.0,0.0,0.5372,0.5372
963.0,0.0,0.5337,0.5337
964.0,0.0,0.5384,0.5384
965.0,0.0,0.5372,0.5372
966.0,0.0,0.5341,0.5341
967.0,0.0,0.5376,0.5376
968.0,0.0,0.5352,0.5352
969.0,0.0,0.5375,0.5375
970.0,0.0,0.535,0.535
971.0,0.0,0.5327,0.5327
972.0,0.0,0.534,0.534
973.0,0.0,0.5305,0.5305
974.0,0.0,0.5303,0.5303
975.0,0.0,0.5341,0.5341
976.0,0.0,0.5336,0.5336
977.0,0.0,0.5324,0.5324
978.0,0.0,0.532,0.532
979.0,0.0,0.5311,0.5311
980.0,0.0,0.5331,0.5331
981.0,0.0,0.5364,0.5364
982.0,0.0,0.5324,0.5324
983.0,0.0,0.5332,0.5332
984.0,0.0,0.5341,0.5341
985.0,0.0,0.5321,0.5321
986.0,0.0,0.5334,0.5334
987.0,0.0,0.5322,0.5322
988.0,0.0,0.5328,0.5328
989.0,0.0,0.5349,0.5349
990.0,0.0,0.53,0.53
991.0,0.0,0.5298,0.5298
992.0,0.0,0.5332,0.5332
993.0,0.0,0.5334,0.5334
994.0,0.0,0.5328,0.5328
995.0,0.0,0.5343,0.5343
996.0,0.0,0.5324,0.5324
997.0,0.0,0.5323,0.5323
998.0,0.0,0.5304,0.5304
999.0,0.0,0.5373,0.5373
1000.0,0.0,0.5329,0.5329
